study_hours,attendance,test_score
4.370861069626263,51.10797573031718,37.90758270647538
9.556428757689245,72.51405684270148,72.65336475532752
7.587945476302646,92.37675015258449,73.7580329830394
6.387926357773329,83.93349318457368,67.34985659677702
2.4041677639819286,88.39366887168698,51.946229499750686
2.403950683025824,79.52700200264304,39.81465946278462
1.5227525095137953,81.53659387107115,47.69184294079504
8.795585311974417,90.95173909391916,79.00300419222691
6.41003510568888,54.98008053155115,53.93537126932268
7.372653200164409,69.36549781858844,60.87340673251831
1.185260448662222,53.27256650917613,15.114127545616855
9.72918866945795,99.26008047979883,92.77020252101453
8.491983767203795,96.64356038119679,84.80156247395985
2.9110519961044856,42.365608682110356,30.094865667775505
2.636424704863906,82.33451035094131,46.450881250820416
2.650640588680904,95.51489904493995,54.03885864990101
3.7381801866358395,50.83452070764001,31.21197993180249
5.72280788469014,74.07671383315777,55.59946156998234
4.887505167779041,94.92929785528251,66.38056837911735
3.6210622617823773,42.03675871514793,28.648567679124813
6.506676052501415,81.84521603481039,66.73925633726438
,57.840940442353045,27.63069088316608
3.629301836816963,95.46377172259182,58.66416778528917
4.297256589643226,98.26349470992207,60.61347342069754
5.104629857953324,96.65598934680604,56.109885948961484
8.066583652537123,68.45285299944783,73.5377562347506
2.7970640394252375,91.72255905935882,47.00138593687947
5.628109945722504,90.67296391210422,60.35847310838231
6.331731119758382,59.146028394595334,56.31991294278476
,89.73492844904064,48.72742669915973
6.467903667112945,42.220458082929554,44.148592473844566
2.5347171131856236,75.77619270892319,43.29246189873725
1.5854643368675156,53.80053023726218,31.591616280895316
9.539969835279999,47.23401314663673,70.0589824713704
9.690688297671034,44.61719209775255,67.1825261038423
8.275576133048151,81.77732655268838,72.2536720908995
3.741523922560336,60.39249782608397,38.72666763999167
1.8790490260574548,83.48600629172569,43.22036706220943
7.158097238609412,43.92138044793654,47.99834331229364
4.961372443656412,58.91742026983662,33.76707790874367
2.0983441136030097,72.36947754252023,41.62231060581148
5.456592191001432,87.44338989033781,66.77999111657327
1.3094966900369656,59.12515017592419,18.382881342845312
9.18388361870904,77.55348258622055,71.89215760448373
3.3290198344001523,93.15866489417124,57.00433643469525
6.962700559185838,76.95179129093827,75.881696660863
3.8053996848046987,53.97756848521803,40.72199435648775
5.680612190600297,41.46404689339228,41.34866500421273
5.920392514089517,92.2059324340558,65.56985333854571
2.6636900997297435,41.27616465102323,36.70329845479894
9.726261649881026,92.48210036105196,82.39432749820324
7.976195410250031,71.73622804163273,64.57950823465198
9.455490474077703,96.34406191077377,83.40135952378786
9.053446153848839,87.92699414641993,75.6713853865186
6.381099809299767,99.87604663200025,72.46926927927292
9.296868115208051,61.04270892710261,79.0248164392291
1.7964325184672756,86.0312973358676,45.01007789226357
2.763845761772307,64.11585481655453,38.20380322485192
1.4070456001948426,68.79253721823453,33.09318654369031
3.927972976869379,77.6503277931022,42.88404195810449
4.498095607205338,92.42062685118032,63.87427766223461
3.442141285965063,99.04500815195772,56.439523705544396
8.458637582367365,86.0964048318711,75.82935027663214
4.210779940242304,65.06600693004003,63.04584031245184
3.5284105871864266,65.2814201366242,45.24838553241025
5.884264748424236,84.25493809533349,59.36434372977865
2.2683180247728636,54.32662874609814,30.940453641275862
8.219772826786357,46.62844678788368,65.49247139506903
1.6709557931179373,61.27732945844659,33.432062801657146
9.881982429404655,57.2343394992449,65.1122580551344
7.9502029236699165,57.778487227359406,67.45855418216937
,54.0164650629946,32.208071266540635
1.0496990541124216,42.525591378181716,31.62522070292252
8.339152856093508,41.07243608400483,63.524979042642705
7.361716094628554,99.26334338416189,74.27730834851377
,,70.47695958018069
7.941433120173512,63.0595988295809,65.27028268533694
1.6664018656068134,80.77883696158419,44.907412488278844
4.226191556898454,53.09523327190385,44.79271517972618
2.0428215357261674,96.99767103701352,44.78139281848188
8.767930832880342,87.18070086493313,75.49418534878765
6.609683141448022,45.36466013873557,56.344083850640146
3.9780822236738427,65.0548465470957,44.238473076674794
1.5720251525742128,92.74709845372988,42.94072282815303
3.79884089544096,,52.89216011545189
3.9266498982407234,68.04409067499219,48.9688810891678
7.566455605042576,76.80468335264246,78.86677596248559
6.738017242196918,50.02203676552451,48.36123634592303
8.98491468318694,99.4701175682186,84.83371772658593
5.249934326457543,53.90030208300661,54.87089524256751
2.0763482134447155,96.56390644810753,48.60909669023802
7.419203085006955,78.97879893954212,70.94939398210029
7.847065437552077,76.46420769273155,64.5090426241186
6.051494778125466,70.76131066099052,60.70353364106178
7.938704619591049,53.84018870306552,60.293877254158716
5.444160367279517,50.591681920330494,52.38612458292909
5.704595464437946,53.22917254421052,55.7515765976977
4.847869165226946,51.18629572865527,57.66168232768991
1.2287721406968566,86.7750684140052,43.752053935154244
1.97102284293974,,35.887102017611056
1.2828626711806081,43.47056059380378,24.774459101311233
6.727693701374023,98.14615780844868,71.13110016619613
3.82920382968694,93.02715309780554,58.04929960486537
5.577136220482325,95.66513699171279,64.67472884840159
9.168098265334837,99.69446935878611,86.5605839515367
3.2436300623398746,50.433714953169236,42.97962397100686
4.693446307320667,63.77452113415953,43.94432716386894
7.799960246887438,85.49430854224548,78.89691745698062
3.059183489424602,81.76123708322754,54.585987617113354
1.6928191884591368,49.233754380391304,27.567255059496812
3.6077630762239123,88.94998749943707,43.00953588585142
2.4509915852860398,53.46643431019964,30.60242171503789
9.367278871083158,53.42905688935738,74.69298984396428
8.273083416079754,72.21846537360481,70.13846291834628
6.700633808593811,75.57639609050219,58.73721631769538
8.84314531168946,74.80517247026867,71.61392094041368
8.23304869209203,45.489210243865294,63.56402769052903
2.6791305299743224,92.64765175782281,53.18838119400764
9.0330309864098,55.93600255532236,66.34489545832947
5.854080177240856,47.77089527696825,46.54463693791814
8.266961396476564,93.32488479213863,76.70597015401917
9.06482169931144,97.3390898937852,79.64769353157875
3.8620312747467747,91.72765703592704,64.0780976354519
1.9904673207490908,88.57096448349269,43.769120051085835
3.051416462877475,79.3145188383413,53.06868245385138
4.843970097636307,73.05144223654835,61.047007642413135
8.362132893302437,45.21920559468461,64.88990119512583
8.74657524930709,64.50719278424192,67.37765179664198
1.0625691747807164,62.36131102073884,32.27602073388216
5.596725723198092,55.585227025619574,50.09674139428371
4.7566990283390105,83.40520682131509,52.62706856657045
2.9989702942365724,69.75254410472624,44.51766552168137
2.0787883060031453,44.862772954458876,22.443851756000264
4.038536542632651,53.21099211698868,47.41547650226655
9.486187335212673,80.99552581957576,77.5060605174017
3.908826388186797,44.56785156941801,38.37707084806539
5.669115595690295,91.07241484292612,66.19098327335264
7.3271706300566,69.70879162083847,63.224844930098
4.272666421413646,68.83519463959888,51.83087897028416
9.746038744488645,75.54446707957106,76.57346227115903
,89.48085795550895,88.4589579418848
3.2660406624282774,60.86855247413158,33.94772590056028
,80.68096915354381,60.28046832430693
3.707904788350927,73.94391783974746,57.81173607294504
3.5635644493972087,56.02169621016528,35.224844108024286
1.3319825261907952,,40.358307450853516
,87.8455612964157,70.13815879595622
5.524111209059753,,60.32130898679897
1.463308761249904,91.03490374565452,45.48365580087912
3.507818178129503,92.03765205758813,56.80008736442109
9.174392973699883,82.50177860290208,82.0462836524691
3.1560570160027517,,57.417104170523004
2.304053848821008,81.84828770015702,46.30867760881041
5.405074842498067,80.80844630561802,58.142464461644835
9.870854086995406,77.11668269291106,83.56381201815512
3.178497443603504,85.16299837345846,59.45709624187698
7.049219926652907,49.51630631758442,54.38945342838544
7.854576537958458,92.85224555193571,71.54113438721336
3.1387378959315972,92.31061166471392,58.15333749197842
7.553947137506736,41.75483698207355,53.86976466059511
4.3100481944732785,89.54900503388576,46.50649525585052
6.690752475342215,47.73219204840671,56.783747581825864
6.7017673968480524,60.10713125554851,54.875048556690054
5.821972156672826,84.61049537749646,62.50139252284192
1.8126079304896747,49.64559376289849,30.581178810452844
8.51772246030314,89.07802144714373,79.17231927926852
3.8870205847456223,89.92805067746451,58.95358228040911
,70.44806402565017,39.39512672540429
1.3669762739928752,40.383152303010014,25.553671282048793
6.318036488694176,,53.1813642517492
,77.01561510254453,69.99069472835804
1.1492904603507053,98.87117068164541,48.371757994476965
5.608837524693529,77.9088116210001,54.53051876164471
3.0384619767814414,55.588214863849586,42.8575064103222
6.806555113685048,78.04034218597668,62.56909521724568
2.569297861044923,,45.84642740981088
7.218439642922194,86.79072370906862,72.64492426524512
,46.4188383296175,50.1615442993468
9.43056989863061,85.66167415012168,80.30018924134247
2.2376884973139393,72.47599472056662,38.43225639420535
4.069597159452327,97.77952023153968,59.36269586043885
,60.51232996232116,32.79534152658359
9.322242564507064,77.9573135880369,81.79384776746033
8.896054180428829,95.92168633060105,74.76739239220163
3.3214746494364005,46.15058367944076,29.799194623226533
6.939856414307611,96.23370923418707,67.85375115731694
8.354999801810942,81.27314333804881,79.03579430414212
5.996807304395161,44.07022354631032,56.16519280340956
5.766855205204059,58.057814016808976,51.53515554005653
3.1766706181040654,82.4903253187169,48.035374602057026
1.837924910253093,44.041036088126305,27.156299802081893
9.074941821579941,74.9302276105764,81.15619166517122
9.103762514469974,60.752983417177404,65.18324026826797
6.697913115459412,77.25493106604863,65.58338291739042
4.051268119438307,42.74452202875077,42.23013755760399
4.142886171513948,92.29220836914257,60.136785054925994
7.533601109832154,98.4093381506438,77.97964889241202
9.073992339573193,98.13267131714149,89.62826068755827
8.983777818386056,84.97910990457548,65.39437158876429
8.018879912718614,47.80517440783792,62.605845924382784
6.77828481538859,85.49579175574135,64.81936236360237
1.7572596849554394,41.47521498752809,16.22321993550615
2.454658426851524,41.327413091739835,31.36027036857846
9.086987696743714,59.41661314897247,76.06987646912235
6.457861536936309,69.31859142427994,59.32950168125507
1.0827734645496667,86.22444506846759,44.66801808615006
1.913243885794289,80.9977225963903,50.026699757470794
6.971515921972502,66.7541623826049,68.13381683082471
1.0455542546159682,56.41759997689995,35.99463391069679
2.4472724627574878,99.82747000946267,55.877987772931974
5.938604104299275,65.57087813415838,56.298539969667694
7.227056779234239,67.08322145978053,54.95874342059757
6.867651335523405,49.81742927150015,53.03491594556735
3.018423785145038,87.68857292499575,45.95131511914253
7.409612992127823,81.62093354688932,80.55115196688391
3.135241787471201,53.24617676732562,36.09525058212457
3.9285972834334095,44.94286273695056,38.2361555458697
7.718422646062217,80.82995812448279,73.68152336030653
6.846696091424932,79.27067285686812,66.15976183173419
8.6430106944476,56.395571619892564,74.24853732234878
6.91851603070309,97.05181373502462,70.30005883885305
6.114777430019244,49.06347350685401,51.17231382902404
1.8430729104528323,65.94008806255611,31.87904684879637
4.309442227534902,96.61695521005593,53.59388066559336
3.386821309135529,65.18363901556734,39.94871669737815
3.195906790411752,78.31155685984513,47.11897271075475
9.75709499277201,63.855663877767654,72.18122939238081
4.537879522000844,56.452912140920205,41.80845756700302
,99.0386588775897,77.72597121564681
6.680247633975366,64.56004037890258,58.8097264582944
8.153301731874835,93.64595222074806,70.7012876775184
5.523733837946729,53.79727635346517,52.937859549567726
6.192134961637232,52.786282241505,52.48738646946068
5.432659244369775,41.86804497307068,36.62275671375249
2.7571868901824006,79.10000952255311,43.87989287468393
7.502069037353548,62.11158062342567,58.5941954081851
3.526951261967702,91.86149499037822,55.97522685808571
1.2188436978830846,68.39259440149343,40.15350848012852
6.80925066316451,98.09160567488331,63.90703323754717
2.5939961146634403,51.13153094218727,33.997723345929195
9.464127259176228,92.11739007733664,83.3669283489826
9.585357193023286,86.59581116750451,85.92181081437056
9.233779511984036,86.25531067864313,81.73700497256587
4.331428302298999,90.68699368701326,54.1720923276062
1.1391095487598069,,38.364853848097916
9.354867063289529,77.57321929788492,73.82349375158417
,47.87469266094325,48.79819943164944
9.699893371393026,41.95157076947511,65.3866534081149
9.672579793803276,95.2508708689412,95.96920074535791
8.677085099206241,76.99901887124429,73.88172897545581
3.6500400286262713,87.79223745857058,49.82506129200728
4.465879557417328,68.891341090753,42.3173622603237
8.660230043651712,47.038491337743665,53.10084837207629
3.852298046406499,47.511147532153025,30.345269529866258
2.5254347201748324,81.13391723373829,46.416373749426896
6.0112113621251515,65.81835369396777,58.92702340436254
9.425392967447028,52.0314836020202,60.03360476788256
7.264268170074757,69.49567280448622,68.59480154254885
6.1305505308042845,43.85253622450804,45.778461885407445
1.8745884439369167,74.91828411486392,40.0742209255579
6.535065040292528,56.13960426610586,63.192270049182106
,,89.17803824931202
2.260756137128716,58.621717535414426,33.40981446028019
5.664966871273631,67.31320894490807,50.79415680725495
8.8963576473516,40.697232394486036,50.0016041879059
7.66691755978784,,52.47754650979651
7.273141668957412,63.549613384401084,60.729902504409026
7.322356755883983,68.79633008302741,59.19441817687496
4.2354203609777965,76.00123288715822,50.92131012429075
3.64232659838044,57.499754722558194,41.595794295719315
8.284250399306622,81.69891316759255,72.97653735452973
8.291020552112627,91.60734383135227,74.84802738898675
8.803650867220934,86.791059333601,79.57795142937871
9.219164973008242,42.37712952090143,65.25637992124882
5.60208158974844,68.83041683546973,50.09057929571586
5.513646652184796,46.29581070509049,53.14121944169153
8.184656610700976,54.522700951751645,62.23942277278423
6.849675376999887,,74.02252723813518
7.31770189531933,48.5497325740908,59.54947462251575
8.16213402492491,69.93328920708137,69.9500664637746
9.010048076358096,77.08934405908715,80.65166117499157
4.041956411663822,82.14789823264624,54.504562177386724
4.380246573759496,73.57892100921484,48.270614399281236
1.845837458567821,40.58625084515102,27.271205256930024
6.204521268965566,59.58767849463951,49.13904670608032
1.3234804641706788,71.06269860308268,35.58528029096908
5.190382163192141,45.27198994869,43.8945568422144
5.883801712368189,61.037615872550845,52.79347062449858
3.5788712691545594,41.99218652748199,34.04854339957094
6.317499345121097,44.71470982930124,40.064135429837776
1.2745022494514449,63.815396572095764,29.155045337390725
1.3361336987429298,47.96294524258362,26.330071096453672
8.403405045936925,74.05245089569348,72.43728754794901
4.241715772701366,81.36789814823595,48.617362418171425
2.143544613866963,88.03520194654497,52.26034305227631
5.700189340493239,52.009014654688606,44.97367832326913
7.9299419778874976,50.04895493554419,64.51657786628884
2.9423892474715885,46.274070420064014,35.35754621474197
6.606014282371002,78.1858149726182,61.07326085168329
1.768127184943912,82.38854358921407,50.67260782345274
1.4651354905174694,41.89516868953852,18.115560769620355
5.782191684113332,96.17273477462139,71.97582319846524
5.865716094490959,43.118277019088346,51.578802870305026
6.736869113483859,72.47778011806423,59.32235656926177
7.534822003503954,,77.6538889846634
9.782668715162812,92.25814742476513,84.56636997272535
5.646703134710758,82.84521592794567,62.81507019113134
3.9066082564712135,88.10368498418751,56.076124469887176
8.156675752918332,60.367011552568364,64.25863967826626
3.437490261358668,,56.79729540250855
4.950742786350725,44.806890783080505,46.64391384774689
1.7061074320803935,93.68899936363167,37.263477039663734
1.2281566907391177,72.85554256922418,41.80470169577603
9.663835732101326,89.03786619774962,75.6218651994281
8.523821084609853,67.139097071098,74.63747527319674
7.263767854843282,78.6146617117915,73.39822964307093
4.680576499728429,71.58415965616679,46.58171421003287
2.559648880637612,83.89537130531991,44.3023214855431
2.4079333840397745,44.897798921835374,24.470263146503342
3.252186083481358,43.62112503943383,32.634775281736644
5.943039982355084,54.82619404060878,50.10550610709023
7.431363304300561,,60.88419150556602
6.941776390459581,92.3070139955321,78.18323128110879
3.5194050725134858,53.15283924148266,45.83658011311027
9.593787525968747,98.55191534914788,84.57886363661137
7.641072250261916,60.213747506266415,61.24475088509351
5.989186472602606,50.927074941321955,41.89957137843706
6.5054867161091705,87.38191042854875,63.45084741948442
4.776400561850109,79.52246653005257,60.51524758675887
3.229578905510417,69.89174298718834,52.182505840168574
4.2037541078613545,73.32181305625787,44.17575140241031
7.820614994179322,83.15210669633584,69.40159635366648
1.1295413976678028,53.70728447987793,26.998591995495552
2.0446537645622462,99.78003496340452,51.53608860227108
1.4140237781957747,98.487589728807,42.41713718289345
1.3665592208707311,79.01954118081622,40.56091779900059
8.699145256099065,51.972547055748706,61.91554836744022
7.332920734420213,80.81369454587748,68.91782013606067
5.267564461785927,44.33190453875055,46.802005364448355
1.8805074458590134,41.839150132348365,26.170308631289103
5.4245428760514915,55.46097331067282,47.12517425189374
5.261245937025091,67.75737740435898,52.86113162723989
2.5588168291901368,92.09635032450282,49.19080947972514
4.904664843141758,83.63014418597848,56.125326740689545
4.586542609576361,84.56239127199886,55.46368924334584
6.542650882469948,65.52960006688451,66.91833029162713
6.715842857808794,60.75609955281777,60.68625134987727
1.4077360879484007,62.262325779076164,30.466209161226665
4.371513531638241,99.25897382416346,65.04592921041028
6.632739241428127,42.406551484748945,48.45721935226017
5.528226327220789,92.02188976734692,70.31551073097593
8.7084085706949,74.7205245143436,75.2784636202024
6.928242684570505,66.31692515137543,60.63147276338155
2.466409843732867,83.51545962490819,47.976817697679
1.6351187266038685,69.20013648548218,28.001267466869717
6.78177350385684,92.40539428489964,65.23718788869505
1.2386017948745964,94.04211184067552,37.84022867864791
6.2719802314611695,65.30325561240733,58.19591887608732
9.462072172824618,56.60966783410309,78.61680299518977
6.179267600882911,75.54101971560173,72.26924662161841
4.493529335858697,94.74180073700145,63.554622481297855
6.789593965981179,52.63973134033999,57.508084740764176
5.12427601442365,77.37799501380897,47.56728940687814
5.910551103843415,77.89361320555123,57.99683180276746
9.473183278988726,83.98678134491686,77.02171017336919
4.474923740206968,47.894061107635586,38.4280051528335
9.650715074415228,82.94949788092532,80.59265543152232
9.148155777604574,94.54195123993847,81.19710649551261
2.762120213103668,50.78098653221452,24.22649662652521
1.624251707876489,54.25259949543266,33.561849618143185
1.9070020123968399,98.28370564249838,43.48477719028451
1.1639964308639477,50.85861716256939,27.359663339903243
1.8499866468033557,91.26310560217475,56.12558882363655
7.147060960747211,69.53667138688209,58.95305040055678
1.6406978361420608,54.833864464190626,17.485597352654906
3.8707806726438516,92.24499407635068,54.82187988435898
8.60387779872509,66.71831530015993,75.21151328868228
1.209447421622433,70.8890412357814,44.194590873527694
8.330216343300421,61.55400216398594,60.1249346098344
3.5366929729605996,75.57705108609565,50.397781415423864
2.0634834485949063,49.81143235510137,27.915437901114814
7.270634488277356,63.46489219910564,61.20938754950836
6.660485621018956,98.16473934011725,85.79004057622686
8.897248121743477,55.48800596206765,59.16659135156867
,79.40419987247753,71.10857522763874
8.231328373463636,59.511403853481696,67.29966926753804
3.538311153141758,86.40838754119605,57.68384240688395
2.5969558940175053,47.85241964310099,32.6156630946824
7.755532764767725,98.18926270471269,79.59362160324422
8.261512653405376,67.22737248301836,66.24026942312527
9.91454627800606,54.16302780078784,72.58357721657097
4.713559092202838,44.409804839800756,39.61575601944744
4.348162772135049,50.18547430525244,44.922863032056476
7.987716646677971,71.18643691336106,66.5651063185161
4.06723186227716,60.22019058587718,46.30973751524761
,89.73300195295657,82.63096636491815
8.725714766587107,65.85325141970836,75.60012565467972
4.860946246375165,54.92285635525779,46.01690515603651
7.757839610123476,77.0286991962418,60.73551538807969
7.7908858667621415,82.40663301312675,78.22669004263138
1.9281148195233935,50.02251447405699,25.12091838292667
9.1229761601161,50.05715297729906,62.368910298256026
5.547271352030714,42.20028561601258,41.63816453634114
8.438117194969674,84.18412090393844,82.73642480227784
3.880446409275506,79.8282716573083,40.655169639407376
9.059709056465804,68.47785254498883,88.37842896862452
4.502815108607468,90.65022693815183,64.05445036362833
1.0975388633226852,88.34020917700319,41.939972558060504
9.148437787773373,75.12126186380513,75.51622368130748
1.821580091075202,92.09627683079552,47.3741815619825
3.873822738313734,52.350472602206096,42.9149148743478
9.550557703457244,46.71517716386367,69.66493731258198
,56.18497669101937,73.02933461861501
6.160940993109575,43.42521136535889,48.622692917967676
6.686534909528193,71.87017168006193,61.1940511181291
5.036009697804878,96.19634153769769,62.902218685835905
3.638896945282581,42.36061244011058,34.16418830069374
3.957980908329244,47.32659484060161,44.38939296222219
7.052666104693346,67.13194169700611,65.08389081367349
7.77137076493912,96.0325010516743,62.56791107204392
8.124211393532637,58.96936629860503,67.48830736975401
,70.43408852130355,69.68013280787022
1.8208549274382133,42.494371543023526,26.00847947217099
5.449782742323233,48.90059205772533,44.86655826926187
1.5180288401497986,99.19780737753081,52.889830751691385
5.94575994091362,97.90712178616273,73.62928072964749
,40.29639885606458,37.12304376510975
8.989337644824698,97.10870712539435,85.8254325099039
4.158235112968708,78.34719626893002,47.27177039970912
,92.07509767120132,40.19996398377815
2.2869251384755227,67.28439133803155,35.21479610464041
7.85359568545725,70.93576171475502,71.95425047510204
6.56396256984635,69.3307948154152,65.31775600227827
1.9101040851051123,80.01185545276627,44.12068970711854
1.756961255034977,,31.761915323566384
7.30872218313208,41.798415392360674,55.84386850817946
1.6548670572777417,58.47579649547146,28.457245908462532
8.396740533613206,82.2808457641988,77.05565369711526
7.3561800444084655,52.1112071273769,61.6274306991315
1.7321390257770979,80.40594599949503,44.59453017775138
1.7635394267667273,98.19472276643623,54.04015309778134
9.87975620651058,45.6340429473651,71.19391744750425
4.368437161805083,80.35612709350758,55.74187768413636
4.335779323602019,66.62501315827427,53.67965307290194
8.315196105317522,92.08853526265032,78.27878833540244
9.525237196454729,,63.46840767287231
9.874009574405838,81.55755713356987,81.17773590573832
,90.28691737888661,71.29227206417477
4.386336269778242,96.6768531684414,57.22653124139587
1.7515064502880189,80.99488169737876,40.432891576814015
7.994322243346931,69.83048584050565,63.94170594793711
6.025638247622245,77.07083441207283,59.41671735474516
4.817998083222786,92.1342990687231,51.475636708834244
,74.23658479832977,76.54704978545972
2.000777340755362,41.82322358181021,26.739203513312017
5.433625938617732,95.85692173041866,61.42545522991517
1.1021828029067717,81.37160506189366,41.35578438145335
5.217945777947136,80.59080314663478,63.01390083652239
1.5067294811365362,52.94050914386303,20.672051741383022
2.0693612464126474,79.53312821395943,38.346433624815944
2.057736220993944,63.63186433924951,31.895715091733035
6.842892719044572,79.07397862248953,61.14453953867435
7.71440391338881,46.39558181847944,61.277626503994576
6.250318885874437,79.47071827618217,62.070751045981034
9.659552936270877,99.96482354623998,86.96111989329732
4.373835215713337,42.892722331633365,29.006953189186266
3.571408776536747,98.63045105327905,60.48631445504149
8.817392153705143,64.41447764337224,63.656459851607245
,92.24520702023554,52.25955869280123
9.669002854965502,86.94312904349641,84.50915058201703
1.109390272208347,74.02097565920008,41.95863460391503
9.728909440368751,84.30695255507959,75.82322622828005
1.388439207555185,92.71093367808086,28.92900872990414
9.02028802328264,64.24841929906198,71.72005555980647
5.749309981776698,59.62198969379432,61.59790169395549
9.936683165073703,80.05560313381508,87.90038884359173
1.6641690826185898,88.47075651647552,44.75744509605629
5.984688559611887,85.73710808659695,61.76010510453798
9.72372282057189,87.86881893151806,87.80175465865324
5.707880597531339,66.13499888877598,50.12567154464475
6.664587743217362,89.0700529705013,71.33274875106842
7.261738200861554,47.212543322236506,57.72105912903552
5.090869582909959,72.66934587765098,59.82313580310459
6.648022720756571,,63.17662165029316
6.258828807307902,59.47514979401622,57.04628379003982
9.110422094418901,61.98769209228387,67.80236918047056
1.409017423073121,63.770361496555324,32.42536015302776
3.528668706330073,81.72803240139173,41.489176967761466
9.553703356689029,63.31348607622074,69.62034555848815
9.012374055018247,66.92161735735183,69.78410502746645
5.100910775071417,54.252647852459646,44.58517102666798
6.581193380213831,62.39510749776041,58.62578426034193
3.496430646830194,53.63617763578909,34.8245246265556
2.6930904375138516,44.39175542610662,36.827307694634264
5.173285644459839,76.20691560288267,56.35022978804325
4.180170052234475,80.09276791330097,52.89145582079969
6.252905006657849,77.16942076057687,60.492819754955406
1.6996117326848634,67.80964262803434,36.39786913393294
9.769553268995498,62.78714681075379,78.08811639261717
9.875896700316426,91.80001897430952,81.76384001275143
7.2834554261777065,,61.5846575287815
5.824867297097083,68.75091265778386,55.10607140471564
,41.53852394838614,28.814797694873132
8.324155177362538,60.474869657569386,61.71443445123296
7.162580552984913,62.811737127151424,58.55649324806184
2.463552454104022,,42.261454915609356
9.198344660444583,74.81034215363994,77.22866680868853
8.402835186308522,72.0161528036127,71.78858660982542
9.548199219627316,76.47430556760668,82.5852081360191
7.531475575495239,85.8929956925277,71.3277172124903
6.520736763422109,88.7791443229656,70.06766579594124
4.76418732661557,83.08738457358967,56.53978169785124
9.39455635018612,97.33142175729608,87.23216220084718
8.794575005503674,41.0939549605817,57.49666372369314
1.4069680309557047,,15.539426019801487
1.2373027704752682,40.45377249868853,21.69662704092023
4.388170301902447,78.84848284927618,60.593985329722415
8.294979977036496,93.88183293699922,83.65871007119014
9.8854851638345,54.608937794577955,76.09798835995954
2.3537520199317536,95.6220726877784,56.19824278380122
6.347176438169216,43.61604341737365,49.62558751260273
4.428017709679194,96.06616160833086,61.5531317287563
9.72922958033143,61.09736123437806,69.99683291823662
8.579070308221379,46.08524970695299,59.74908714375284
8.54495834240024,69.15230555117954,73.46456968132873
5.218238438154732,55.40659406323048,54.27325200190993
4.733375521038987,57.092374117715366,45.806595873876084
3.4606636473763563,58.43739789557719,38.4273310708556
1.507379469858344,,42.81215869155863
8.782501386295479,72.34967660051527,75.85841131632908
8.316109082170698,58.67846194936022,57.832656109929864
9.997459059575176,76.6200269986551,69.15440133165173
9.969731533665149,82.96904045339161,80.28358960222447
5.998885350423647,56.35744004401202,46.433840640152255
7.9208867366245945,,62.98891113149486
9.502891568941852,47.313165600216855,65.70082249070865
8.646826516096702,50.86896097208082,61.31547492420078
3.226132915688779,80.86707123789897,55.73983074595721
5.054897217790842,50.88630086173762,47.26273025666085
2.162434736363455,71.50980302002361,40.918466687880866
,82.54277570334597,84.0604422281979
6.455571710057921,46.41261538568463,45.14873911565962
3.0577852495311646,74.03873317773422,50.09997845585085
7.045306159652711,55.393767022081825,57.00521617441899
6.5631541641210625,97.77561251425479,75.2784189125133
4.223464462295564,69.01273880319548,43.36313166755523
2.022018329796661,88.35955298650948,37.685119013506785
7.044158760335196,73.0135925293757,68.5156791035514
5.68276930813414,42.60475197128915,47.33779495967394
7.950865525620754,77.98908253564134,66.43970287057276
5.68147151000794,97.08420053239942,62.892722356625995
8.669633502866862,76.09670920877987,79.41402511992011
,89.15133156560742,59.54928090675818
6.0484417438184765,93.05238780090447,75.67652860573398
8.889882423925105,53.68478631693595,61.420222973160556
4.631345795911574,52.7226903944936,47.43776476539722
2.2061370560557667,76.6588593310595,40.05113663395771
1.2590440868200508,64.66170818840229,35.17584086487288
7.796235301062571,90.39167817200322,72.41727776354317
6.582785962181182,94.00138740388067,69.70052024209672
7.336717912893012,61.20528275816309,61.3702985447089
2.9166774535801965,54.21223353846892,31.25734340438119
2.2273432802809277,86.83153091463171,49.57345049435796
1.1309019910109375,56.48836213288817,25.683786975852026
4.155288029259372,89.3568591108207,55.37618421392505
6.309259181691698,65.42429521892578,52.744267122986244
4.530196405897591,80.05299395748823,41.860511318506695
4.937274298213562,45.73211883008009,42.024080210099
9.137428250443735,77.43155948059439,88.72284215252101
4.134299203209704,67.10606072423374,51.43694174523214
5.625905402438297,,58.1118282297309
8.052877114670288,50.0808524646918,58.98227241318683
4.568885040891431,84.21242469665093,56.641724547177766
6.598780302050861,91.7678246525937,72.43662694716782
8.761273378720706,53.00438800544654,59.10405801923792
9.54568561291878,45.7428733312097,71.59718587042214
2.323661328361341,41.41831516278018,31.762539284125
9.339288626453449,78.51829002659596,81.6946877714453
5.429046637715844,76.42564216532685,59.907868748758595
3.324199494690625,72.8018447628442,45.839818667060754
5.132221806144352,53.916825766958524,50.592145517339276
9.820293177569294,63.45435975433088,77.44228045828571
5.4335628459358265,75.66858011117039,55.66504271944217
3.958764492587574,69.80601153155015,44.84821821107343
6.700607688850532,99.26713121289325,73.7191724057199
3.1613105690037377,48.18638515340399,42.82620766385622
1.6827699529779752,81.70867324285562,34.90178368376262
2.159917497195843,64.25912608625752,29.165611591720022
2.152412550619952,65.69197689553688,37.8626577174971
2.3671242416106493,83.05586593949057,45.31240609312957
2.2494445538446914,81.54616907946217,44.73239872286037
6.767872703228932,99.4753596221313,74.84927335453968
2.6369207595923037,47.703657367247516,31.1500554716865
4.111005549914768,46.246578963049984,46.50297652780424
9.071095689154106,83.46032902772447,70.73509016447775
5.265654762365851,74.70321502038455,52.067074696081846
7.008019646689244,,57.10368043013632
2.5508788408146685,44.765162139339196,22.444515004038184
2.730601169278037,45.13949497578583,30.82953181454416
,93.6514524798471,52.60701955257048
2.520415567649481,51.512039483124575,33.311326072977046
3.5073130512876274,,42.45098727580405
2.5930943584907213,53.59938413361928,28.104401620038423
1.7983228038135004,61.29977834991624,30.42971831883661
2.085722839905407,44.1654305647656,26.218804523813592
5.147008912294532,71.14358745449621,52.60390405948998
2.8570034656521326,44.05675381553289,38.31593782949266
4.278428749432679,88.0213904693417,59.3891552385257
5.530755437693712,54.02272491462598,43.705577369633794
7.213553457664288,72.40071487627063,66.26057713098972
1.3538092585698904,92.80474525368749,46.38205313680837
8.194693590181384,79.05264214283164,78.29527000064591
6.6511035054181695,71.97746719308012,69.94920783716475
1.7358312875398472,59.460025186922536,27.387695553328903
8.862207616960994,59.98011478349187,64.24879644215002
9.287851604786319,80.1692173118914,72.21905565411508
1.5497016386937736,99.64836167327005,46.43775356724199
3.4918988333248335,79.71035139096271,51.675426595240936
8.255811518137552,73.46700504220149,75.60253219051386
7.734337213452926,83.83903061435477,71.82754319479392
2.6606891742073957,67.91233673702308,38.869142949571994
2.8841439100303927,43.60854055604711,32.622925733814505
4.334248925122438,73.73780895267458,46.99065369853191
5.360706866719192,97.45751707032281,76.23423477019895
6.564292943772664,50.51817654145958,44.99043019985686
4.320222756127952,81.40029344923994,55.084934054814354
5.162812445198331,52.05602131954339,56.75450184995721
7.727238443203809,72.14966106838487,67.53005586617299
1.330148826015381,45.800586978803175,24.020783746590702
3.2719324990961867,67.02225617549111,41.38133785162524
7.420146272960972,85.36979973371476,70.34669284947873
9.056861539184794,60.85429145433892,76.49026665104219
,79.89470346923308,48.924056726250676
5.789021367387841,87.72699764738375,71.70307440237434
1.9645481020579845,95.63066916876716,40.95522241554606
5.026711301411092,54.078524911327214,45.43170482541427
5.793555398095209,63.958954948558485,52.40513686840613
3.1822345327125667,49.14496079982504,38.51192333234645
3.4231890785444286,99.5490101295025,48.94492768510441
4.395557467941604,95.62005807545772,62.536673900300826
1.1806407799995373,72.39742781683358,44.983723143165385
3.8987124902486046,90.52199766258528,48.88649149331309
2.9030320629689017,71.25747863632253,43.9666826074255
3.9474761696012317,77.41514128016559,47.393526471089345
2.077859186373261,45.34746592696099,30.657718333615882
9.014745526659055,85.31622522980848,79.29595661229743
6.342332081986438,,47.56934947195628
7.111920872300407,89.5640578151517,73.82458891191808
8.102541147466045,86.92168526022316,84.30312039035321
5.485979790361515,82.52468186457858,59.485252739002526
1.7822825927868133,42.169622831485725,29.378051807269266
5.83395887636693,58.187701356719714,45.978510135166715
6.281570062187912,55.78675419465057,48.94037010470974
7.70895526765897,61.60818444829114,65.5500815070132
4.884935916067114,45.25856480583031,49.948685645347524
2.148222725160074,96.21746938186376,51.00616812247417
3.55398315218852,73.22813444274257,45.49587938542386
4.267740667587716,58.33145863948141,44.66774382084791
6.8132551719844106,,53.34179359985627
6.137004742020207,66.83215243029014,60.44046131399393
4.204870533080616,76.03566000163704,55.85028197767494
9.878637239136816,70.94076566178987,75.50904079623463
6.451973374211985,95.16351839286504,67.97506348940846
3.1350411256239505,69.81780897434982,44.93172036611992
1.9160422535836337,99.52948088939877,47.2084049434747
2.375732252658988,91.08549746470575,47.98219717604814
3.213619555460573,52.51063086144015,47.570959067711506
2.446132359336001,95.83571287863498,49.32981844440401
,46.98198387312856,30.396608871454077
3.565856518244624,89.04698250947149,50.21036656683592
,62.837397608594806,41.65773068920158
9.070888821637826,92.67845922670418,81.51970693278028
1.7221037109547799,92.08340140644702,42.19701392574558
5.720602506132292,88.35552400705727,70.55174229484943
4.693571442906954,87.40182617842368,65.52660270847244
9.841407552177458,58.280748345882444,69.51721927054673
2.008350119512471,44.85515698307513,18.65111363398933
4.580700391411675,64.17881072590968,53.61259469660686
9.72523389947832,50.41147089919052,65.36760872826778
8.789564133045822,81.69706533414771,80.57977479470205
8.353648638543518,60.76598359226713,56.22411754106527
3.3211254434044584,98.53661205159489,60.483258729156795
2.5379882865105925,,38.017411642437025
,89.34883381806165,74.48229901915667
9.364383902148273,47.95148036451091,66.0738769957279
6.010866037125368,91.72086893635736,61.97298066318656
6.144514205229099,95.36543143080365,66.83356203383305
3.5198118429425573,69.22371512913615,48.720137551150756
7.925436398727432,76.37517626505866,70.7067247652368
2.6833937370177106,85.88858805417973,50.69446880912287
3.913113127638193,50.49031763562475,49.64389561501829
4.828927947547751,70.15396458780654,44.385017514306114
5.568493408160095,63.919781666338785,61.496442582179114
3.181687591735722,48.782439529734944,35.94319345818866
2.033531422652832,62.05206533749188,30.494563006645272
6.495580381974693,44.09033856312961,43.46246920643037
3.597674979162302,41.54871441696922,33.66225870871403
6.231143992803511,48.109977349289366,55.0079614633556
2.389264437467821,97.78690669535044,50.423339263591615
5.330260916693358,72.97177215370101,63.395788096183935
5.793304892964272,97.94932966919319,60.89037788224084
1.4664118314018422,65.94987269980791,33.65156349770211
4.029438503745285,58.70896798511558,37.36881249070707
,70.36851177041464,41.01422458354454
1.5703747342549097,66.3707013179746,38.83459114895089
9.909642091509507,46.33988105570464,65.98035391142413
3.9011846047725065,78.44957888141238,37.864685293291814
8.288870012691714,52.96229095057598,63.62400717767144
,77.17527729386978,49.51263314058484
7.133524500015364,79.01206554388921,69.29392249244098
7.842050739007179,49.12149118771889,65.03776112923423
6.360748665470599,43.680977626640086,43.92086597976379
5.244185696951425,86.84569516410639,64.36028707765193
4.706568227325417,67.5880254261592,56.530588869480646
4.139814398886958,43.48982773032855,29.202065166533625
9.365762298230432,99.69197903018602,88.30386223282146
8.475574670089562,43.466833659782,57.24370765932226
,81.7021137315132,80.69944310709012
2.1186750113699024,99.02073551580482,51.94005168086312
7.577807276832798,54.350806252955536,57.19321606477845
,48.53496212123177,63.260765009631356
2.6310975954909415,47.283096365345735,32.239488611033124
,58.196508854055736,25.834705878813267
7.670085843610531,46.0627486606388,51.346403037882254
6.170258018619207,81.52968050164792,66.86002870853773
,43.73750788780376,54.633327933450474
2.2579513896366055,70.56532768898738,42.84745052832404
8.15740580673901,99.8018112311786,83.02070999043626
2.8146458804297008,88.83821617036114,40.97948222633998
2.4729034857913406,76.91316629386066,39.741960684822686
2.4783921813789362,58.3752172471967,41.71259482101023
8.33117248208244,77.43375017749831,67.72353482571312
6.986774986265801,71.6224878346991,61.26084875366171
5.707588822922074,65.56500303342229,57.07424979423877
4.229474357111522,47.84262260441197,44.20137337373538
8.894804867317974,93.196252914428,80.4948310721386
4.532005966803719,,46.46731043227213
8.349394955244193,,69.52976436841186
4.952214177131966,62.06556105263738,58.281793625702676
4.392499864824169,64.84778515173562,52.79590363872407
5.164118071026458,89.65227373401245,62.10809056156239
3.7124008674772786,84.01686283368412,48.127420862655406
7.72848442158626,86.15829361848039,68.95351752254062
5.5244835108323125,40.661875865718834,46.49973842677789
3.0899142563213555,64.96923989078569,43.52925834236447
9.096171159471115,68.88064909811942,80.04110840133549
4.455020992358903,41.1515366093834,41.98797006822856
5.891975750025898,55.58879252470206,44.17999425121123
9.158248998680923,85.6173893873281,85.29793883695046
6.618141963225929,48.22658234373994,47.39103961705356
2.0520823663752767,72.11860788715549,37.18799862697682
9.458489112521276,52.91211232103425,69.70829152227854
6.6493724776427605,40.727246478633596,59.516098428587064
4.014150531913775,54.472087455972485,57.40918042198468
2.2534486539704854,98.55242529460322,53.72182868337464
8.146226703432664,88.09222671297937,75.05204110875312
6.580654803356621,97.574598659262,74.60564172289067
5.801149827786894,69.27124263558174,61.152523322536354
9.045033247458619,46.584171920650206,62.255496877767214
8.097374901020777,72.87756933842158,78.61395902003413
2.365073917594761,67.26264007359765,39.88077941336987
3.805498610159934,90.66142496437695,57.78077848200742
3.236402258330192,45.88495484705467,37.86561449074513
7.695516633154092,69.29446822130669,68.30330350736541
1.3017919126220145,49.00291988163906,30.30483001811376
6.129007163841849,59.480555613403595,51.350992131836065
7.862128171666215,84.24142464326798,70.21570194590811
8.890890730855745,68.561087762126,66.37811759427065
,62.553297108746165,47.61250368881544
8.391315742048116,63.66857671420212,71.318691913482
1.995685632596865,67.5668061043592,39.29401493548744
8.618070625610663,87.10099263022342,86.30321234688037
2.147397960987842,93.52508133641406,48.119042245359594
4.575585615043305,97.3200811902357,65.14966882927337
8.175658292015981,,70.30546834951043
2.349256846138964,58.924413744880766,33.38055121627512
3.0632625570937733,81.28808236519254,51.30923451937477
7.500273115537596,66.25618744332351,68.24935110873311
7.480328828914669,55.28023732276307,58.04390433535767
6.770328695967676,90.45229476555537,69.6745651267702
7.2455360002039,42.3055809377395,45.56054364271125
5.884519990128366,94.1057195281254,65.27974175785894
3.266191530162575,67.68864787748404,47.858332619405424
4.111263941535275,78.23208860849682,54.725180231607936
2.634379451212831,79.56123533234697,47.49971999590899
9.176055052002654,93.70706444239218,83.61196947287493
6.250526152895084,78.20018093003245,62.56801892962928
4.607662750872759,76.8360150856037,50.47111409123804
5.1580522327971945,43.999122433641396,46.88405223845521
9.525550056506338,71.10448131671225,78.17440753116355
2.380162628044722,49.010140049022496,33.9649633997966
6.276068488151175,84.24602612328914,62.44857867673364
5.5529981099601935,70.73331524876048,45.291602049948935
6.503088118911831,80.8136667525012,70.32667085432813
1.1629916543875645,42.50037403614306,20.420920606353025
8.849115180497364,45.087520962748194,57.96670546737049
9.38906454235251,82.97940328376094,83.60447858483691
6.086198652302881,44.325060159920405,46.200954125886916
7.26985741489203,44.27540366591552,59.359130461059465
9.302494430595662,40.72650851409325,65.88810530649909
7.3651477088205874,97.39008389796881,79.19961871929286
2.3728513862283522,84.25050156754043,38.73467900215526
6.186595241501319,61.19508451012385,61.47072993848814
6.460435417445703,57.792134877259315,56.725283694301524
4.817176041721474,60.982193784750976,46.63237202627675
7.627998120622506,86.47921187087091,73.44861768817215
9.409303132921133,79.68223666422486,70.038234165804
9.330116616160987,51.11173407204808,69.13854076702752
5.057554342637189,50.44656012004506,40.31953822029361
2.019142412566797,45.90373898280384,21.69385622673785
9.863570790661012,79.61816318208028,73.55332329504772
8.550082778013408,85.86235973330416,82.65879965833832
2.1219641308294017,55.90278569950024,29.824617965483164
,41.256697661854766,70.60920233210616
8.829067258559155,44.93030004858564,59.438448996968546
,98.07160209070183,59.03956361898925
6.321478921704363,57.72668664864521,49.115447068236605
4.591024334831173,86.15338887028801,63.595535322305764
1.492854749398282,77.47981413125584,37.6767085098104
4.016775174813109,62.91637837917375,42.50899074328204
8.225681037382103,52.341235731733306,62.86499060886778
1.0416882070414257,47.283185089564384,26.630628751870606
4.001492545220298,76.900778082332,56.35476803854659
4.58351824231849,,64.751298096364
5.836560426441306,78.63425521246785,58.837660988248246
9.278700547714845,71.81812799494949,68.49051550614384
4.1171139492936515,42.517073405898174,35.52507330321115
4.122578817066049,,61.15802728050989
7.637511232987736,87.92285149927447,68.53790213359541
5.069961468008264,57.56932220205788,43.591781646389265
3.021443406459838,98.79821976153104,56.34544434466103
5.07195564519424,76.11289537817933,55.561674619390686
2.2677131834181985,74.94535949243479,41.48069469112285
2.58748287855601,84.88439076577193,43.09869402558847
5.4853099546553175,88.70618728540825,61.757021116411046
4.770329045540931,79.38871643989016,50.9859660823192
9.2336131096129,47.685744781972005,69.69335551647724
4.261545092049698,60.296050359669906,50.60239227773522
6.225295152502391,95.685018419563,60.16954381914668
6.690378591275773,53.476936710631115,50.19511333966926
1.1178501092950026,62.330021430250795,23.038612843124934
6.971836348150395,65.92461297665176,57.97890725937819
2.6023237018277627,66.36429938166714,39.14014841285386
9.649632857225097,76.77637494967152,71.71048816750145
2.3379645497780164,96.58455026468246,45.7143437891365
4.731617113543214,54.4415627099503,40.4149237912887
1.7681470127077947,47.290082578055085,28.793104741755727
,51.848229391596234,70.94535477488738
5.519755092981184,,61.276285303242126
6.358465155880394,78.74864875931236,64.17588964382391
1.6036882964958474,57.15440735434961,28.146804001282753
7.7496442335926,88.95681633811704,72.97267215157954
2.889150337860272,,59.48589205351651
9.082488604966423,90.79086032141669,88.43109241235054
,95.13559201837327,45.78761444440165
2.716189485972999,55.134461210401696,39.78339400342155
1.328947010632854,85.3025157247767,44.82272411553291
,,47.55464402076624
6.083570199363548,90.5199131734037,70.71970448495352
1.5913777548551713,83.70944062969679,49.130324618217344
7.9797485502550956,86.58684678998347,68.9207574360468
5.079599512732249,79.36971026086428,52.558367562935636
5.7195124239482205,50.645726168182414,53.94415992123158
4.966864722444053,72.70161513381629,55.27244621987502
4.606867547877934,99.0801843714705,65.42379286417548
6.036762981773961,96.24328398982713,70.38407458680314
2.3971622133764123,42.5904241478207,30.97546033065106
2.63735317445744,49.888888943766226,26.509960808238276
8.756070589121656,47.903726407273716,68.178432041625
9.515039159202695,83.55879459911773,86.84666359779945
4.359783846517777,89.0671197914167,56.27881342881543
3.436702058291984,52.81068197864032,38.090398333846736
6.795995889151142,70.35116157710974,54.464906563820996
4.678607539882868,90.44218168067201,62.14118415177232
1.2284772009431038,83.96809268597504,42.589910287676254
2.4053733762957132,72.5342323295109,40.72960472828637
7.443750059626578,75.42086142752638,73.00886166849595
6.930315477191362,70.5016328149768,61.18184435704784
1.2438639325313514,57.85290707912924,32.18351212377646
2.997749457396545,73.90131957154097,39.45095342213853
3.0796731692926427,81.33311812300545,47.81385234129421
7.047034692388555,92.39937495164847,71.32315215308799
1.1773948397892773,78.1774812387549,38.28450630465306
1.9369772378611647,85.66729222258948,42.10416843417482
8.199244768358703,49.60429809727438,60.18058010234493
2.6069019584890025,67.6934484651874,44.242125035727504
6.874714970666872,40.559897189625595,48.413712542993515
,54.80073187129738,29.60563239192825
1.8949725348341064,83.5877029067803,51.65786335790975
3.1885497189950867,99.5085970809618,62.6534578208126
7.500402386700932,45.95068597523296,49.42097284806975
8.701268212956572,,72.59074367167975
8.471978781102925,88.00425812194956,75.04672330153772
,52.24213807773393,45.08755014057934
7.012766229135815,73.30509695813717,65.85699057400141
2.844858658742389,83.98427776178049,46.645965396842534
3.6383295723491194,76.95912701561073,45.056470340057906
9.067022366690077,51.28148407692497,62.39500020263907
1.1170173115966242,61.323074121144366,25.533356629034657
1.7695767776902127,87.02750706912383,39.499775674948374
2.870976296314246,73.253590847921,43.320426370492854
1.2387898348643773,40.313776812574766,18.740659953798037
2.632918915808176,85.65944560168563,50.838633148278234
6.247374048727229,42.118681296414344,55.52057353888152
4.792820955332481,84.74402696387392,54.96144935536176
9.034045399692774,52.14883360991425,67.22678294510645
8.356992055645968,97.48440880716282,83.27714935260964
4.076356165280884,62.07644507812507,47.572370212250824
3.3348109008816325,59.615896980284745,40.9001896361025
,48.93328301994668,45.372883667304286
6.31265448263327,58.33625292941289,57.309018348334796
3.4125727674058863,92.59904570969204,47.91417000926975
6.617340170642207,99.78006025763483,77.34450527821133
,62.098571830410904,52.6994072671039
5.968424627667822,66.91663785727255,52.79234776035523
4.92513876221785,83.32425629216422,58.145085505192945
3.650191835877259,93.17174682790447,58.936302874603435
9.53607976265941,75.58266005120706,76.86689373588307
7.872452147437848,63.491541890669765,70.1237677322872
2.261018581898073,,49.02737956295414
8.816211783081215,81.73708878980841,72.84596426815453
5.386880784245623,40.19309581625672,36.10641923196193
9.050970042046822,77.17536024759045,77.64408728729467
8.198697303525837,61.329580626481444,69.13313129385247
4.8269215402231005,87.65183987662505,58.04101178254168
1.2022237748810567,45.57943838938793,31.509197546765627
3.4180962344645147,75.29213601690343,40.514306580467704
5.874707931947802,68.85837339316743,60.38148213216404
6.701303978435325,78.53953155431364,61.893028410107625
3.3209891688988207,43.8912156689781,42.758321643121825
2.254204666655417,,51.15321099739283
8.514372131193692,,68.21420782808029
9.85961962633197,73.63960566497025,76.00615471810505
5.731211640724172,76.20925999578729,63.43770163683479
2.5451135726347314,80.58807623358173,43.02514510765878
3.4507659386743206,88.29933998084618,52.34650959604889
1.1655160889272005,56.18924320769286,28.430219830425198
9.228689259044492,89.50296461080373,72.34626635855568
2.05975974601127,69.89534093580721,38.18774637390805
6.188648279628282,44.62349674805987,45.344001227044494
3.466496986184854,43.51305575463875,32.27209312078091
5.9876020226421405,60.05429912176365,61.177889779260234
6.862783495166778,87.09381862668806,62.86891045511283
8.467676233364815,82.46085608445495,79.38874953434593
2.8577914458454288,87.31689788034438,47.82090172970586
1.0989624579263242,71.03614338649656,32.51046880175108
2.2319706706192655,66.41193987732943,41.676488784286654
9.100167776632945,48.84715160237704,66.73995599696
8.865010698062637,59.69156521655869,71.0547445630343
6.376717919532775,66.04116197043251,63.14097768850118
6.40465174390288,45.31602578077703,48.4931271159086
6.9853300709163,53.236717162672676,53.16015354711181
2.5783415076110465,75.89351764382434,37.82336196279598
9.229707513324637,84.1397868543514,75.67739965846897
,99.90085068357698,78.55048602011772
4.448246754245477,95.98679988061346,66.85935162715671
5.670259347545538,78.5539119721115,53.01748969553218
1.4226937009754954,65.27488319764433,26.61113200021736
2.4965503188047147,78.17064188249395,46.160338655613614
7.642302547837334,87.13909708481393,75.80347556000207
1.7451880113261382,47.10017145540324,30.31042781537881
6.428368985197494,64.59429338177729,56.7047833109299
3.2081419871318886,90.38813713813704,51.56869349089976
4.503660526377789,63.02997711598264,49.36969109907879
3.598243630936299,74.31233627363119,48.14561769560063
4.201054448184542,75.26616165173189,40.0152350378778
7.471413146658209,51.06857518801836,56.63549765562242
3.6740954406085753,61.734126499137304,38.80709563139623
6.097641762672074,60.07067732451593,55.3925368377093
5.284453619791897,41.571802511923885,57.97728411674609
6.973040488263833,41.45150583348131,53.28321310208321
9.431467653922821,89.9018226205464,81.55041888697068
7.593148874892252,56.38424859836874,65.12845132369502
2.934463407316811,71.08472597432893,45.51964686236169
,57.92353441532639,31.673127296147573
3.360376398698426,96.44075470692043,58.412436842338664
6.355701376302293,55.55780553194643,64.28434691843775
1.462832321358253,65.7794087643361,27.971482935896127
5.467296224811127,92.36381502907611,66.65016751974336
6.371585640252003,90.51601400750852,63.43242815435573
4.008195017352648,51.16608507077664,43.28497234678514
7.938209833712397,88.15859858774263,70.36105604622857
1.9593842782039461,67.49121320427356,34.70657260470373
1.6762400356222789,68.97813232512131,34.49700353697039
7.55369880583243,48.00879834495663,61.85109696386835
5.459421845855786,44.836090825427476,49.823817779162
7.195621567849624,83.6763584184259,63.220064324386556
4.913446047433716,69.78766914131799,52.75696844869503
3.2176182991519613,66.21104215691076,39.02460908477825
8.371920859067798,83.7704937191438,69.07527722961984
8.194742910720812,85.93077393946658,74.26093887726883
7.252268237689841,49.53449006016122,54.5327232702346
,76.61350896865848,60.025517194539326
6.312076001821784,,52.97367711057685
4.248765072460241,85.08250516174274,48.38873992322712
1.8242386599397074,79.41730937602837,38.06424702925517
9.255822179160186,,90.34477827895091
2.2313676782706526,44.13748098138527,39.254044648257
9.552136184387223,43.423283269075256,57.20007766837643
5.014051956621602,56.93122448159201,38.44312765004959
